{
  "Robin": "嘿，@，生日快乐！我很高兴你选择搬到这里来。",
  "Demetrius": "生日快乐@！记得偶尔要抽出时间来好好享受一下。$h",
  "Maru": "生日快乐@。我本来想给我做个永恒不灭的蜡烛，但是好像行不通。也许明年再给你吧？$h",
  "Sebastian": "生日快乐@。又是平静的一年。",
  "Linus": "生日快乐@。谢谢你在你生日的这天依旧来看我。这让我很开心。",
  "Pierre": "嘿@，生日快乐！希望你的下一年会更好！",
  "Caroline": "生日快乐@。谢谢你为这个社区做的一切。我相信你的父母一定都很为你骄傲。$h",
  "Abigail": "生日快乐@！希望之后的一年我们可以一起去更多的地方冒险！$h",
  "Alex": "哟@，生日快乐！也许这会是你有生以来最棒的一年。$h",
  "George": "等你到我的年纪，生日就像其他的日子一样来去匆匆。不过还是祝你生日快乐，@。",
  "Evelyn": "生日快乐@。你成长成为了一个优秀的人，我相信你还会继续成长的。",
  "Lewis": "生日快乐@！我很感激你为这个小镇做的一切，我相信你爷爷也会为你骄傲的。",
  "Clint": "嘿生日快乐@。我相信接下来对你来说会是很棒的一年。",
  "Penny": "生日快乐@。希望你这一年都能得到所有的祝福。",
  "Pam": "生日快乐孩子。我们应该一起去喝一杯，庆祝你生命的又一年。",
  "Emily": "我今天感受到了很多关于你的正能量，所以一定是你的生日到了。生日快乐@！$h",
  "Haley": "生日快乐@。希望你今年能收到些很棒的礼物！$h",
  "Jas": "生日快乐@。希望你过个愉快的生日。",
  "Vincent": "嘿@，你是来玩的……哦今天是你的生日？生日快乐！",
  "Jodi": "你好啊@。听说今天是你的生日。既然如此，祝你生日快乐！$h",
  "Kent": "乔迪告诉我今天是你的生日，@。生日快乐，记得要珍惜每一天。",
  "Sam": "哟@，生日快乐！有机会我们来给你办个生日派对吧！$h",
  "Leah": "嘿@，生日快乐！我们今晚去酒吧庆祝一下吧！$h",
  "Shane": "生日快乐@。继续努力工作，我相信你接下来的这一年会更好。",
  "Marnie": "你好@。今天大家都在谈论你的生日，我也想跟你说一声生日快乐，那么，生日快乐！$h",
  "Elliott": "真是美好的一天不是吗，@？尤其今天是你的生日。我本想给你写一首诗，但我觉得简单的才是最好的，生日快乐。$h",
  "Gus": "嘿@，生日快乐！希望你今天过得愉快，酒吧永远都欢迎你！",
  "Dwarf": "生日快乐@。我希望我给你的东西是人类可以接受的。",
  "Wizard": "有精灵告诉我今天是你的生日。这么说，生日快乐@。希望你下一年辉煌灿烂！",
  "Harvey": "嘿@，生日快乐！有空记得到我这来做检查，这能让你多活很多年！",
  "Sandy": "你好啊@。我听说今天是你的生日，我可不想让你觉得被冷落了。生日快乐！",
  "Willy": "哎@，生日快乐。看到你让我想起了我曾经一个人漂在海上的日子。继续享受青春吧年轻人。$h",
  "Krobus": "我听说在别人生日的时候送一份礼物是传统。那么，生日快乐@。"
}